Segment,count,mean,sum
Low,13882,1.2729892219914045,17671.636379684678
Mid,13881,1.6990724508737456,23584.82469057846
High,14303,3.0162539587948434,43141.48037264265
